2019091908645289 ,2019-09-20 10:09:32,88C626531DD8
2019091908645289 ,2019-09-20 10:09:01,88C626531DD9
2019091908645289 ,2019-09-20 10:09:31,88C626531DDA
2019091908645289 ,2019-09-20 10:09:49,88C626531DDB
2019091908645289 ,2019-09-20 10:09:57,88C626531DDC
2019091908645289 ,2019-09-20 10:09:05,88C626531DDD
2019091908645289 ,2019-09-20 10:09:12,88C626531DDE
2019091908645289 ,2019-09-20 10:09:20,88C626531DDF
2019091908645289 ,2019-09-20 10:09:28,88C626531DE0
2019091908645289 ,2019-09-20 10:09:36,88C626531DE1
2019091908645289 ,2019-09-20 10:09:43,88C626531DE2
2019091908645289 ,2019-09-20 10:09:51,88C626531DE3
2019091908645289 ,2019-09-20 10:09:59,88C626531DE4
2019091908645289 ,2019-09-20 10:09:13,88C626531DE5
2019091908645289 ,2019-09-20 11:09:10,88C626531DE6
2019091908645289 ,2019-09-20 11:09:32,88C626531DE7
2019091908645289 ,2019-09-20 11:09:50,88C626531DE8
2019091908645289 ,2019-09-20 11:09:58,88C626531DE9
2019091908645289 ,2019-09-20 11:09:05,88C626531DEA
2019091908645289 ,2019-09-20 11:09:13,88C626531DEB
2019091908645289 ,2019-09-20 11:09:21,88C626531DEC
2019091908645289 ,2019-09-20 11:09:29,88C626531DED
2019091908645289 ,2019-09-20 11:09:36,88C626531DEE
2019091908645289 ,2019-09-20 11:09:44,88C626531DEF
2019091908645289 ,2019-09-20 11:09:52,88C626531DF0
2019091908645289 ,2019-09-20 11:09:59,88C626531DF1
2019091908645289 ,2019-09-20 11:09:07,88C626531DF2
2019091908645289 ,2019-09-20 11:09:15,88C626531DF3
2019091908645289 ,2019-09-20 11:09:23,88C626531DF4
2019091908645289 ,2019-09-20 11:09:31,88C626531DF5
2019091908645289 ,2019-09-20 11:09:38,88C626531DF6
2019091908645289 ,2019-09-20 11:09:46,88C626531DF7
2019091908645289 ,2019-09-20 11:09:54,88C626531DF8
2019091908645289 ,2019-09-20 11:09:01,88C626531DF9
2019091908645289 ,2019-09-20 11:09:09,88C626531DFA
2019091908645289 ,2019-09-20 11:09:17,88C626531DFB
2019091908645289 ,2019-09-20 11:09:24,88C626531DFC
2019091908645289 ,2019-09-20 11:09:32,88C626531DFD
2019091908645289 ,2019-09-20 11:09:40,88C626531DFE
2019091908645289 ,2019-09-20 11:09:48,88C626531E00
2019091908645289 ,2019-09-20 11:09:56,88C626531E01
2019091908645289 ,2019-09-20 11:09:03,88C626531E02
2019091908645289 ,2019-09-20 11:09:11,88C626531E03
2019091908645289 ,2019-09-20 11:09:19,88C626531E05
2019091908645289 ,2019-09-20 11:09:26,88C626531E06
2019091908645289 ,2019-09-20 11:09:34,88C626531E07
2019091908645289 ,2019-09-20 11:09:44,88C626531E08
2019091908645289 ,2019-09-20 11:09:52,88C626531E09
2019091908645289 ,2019-09-20 11:09:00,88C626531E0A
2019091908645289 ,2019-09-20 11:09:08,88C626531E0B
2019091908645289 ,2019-09-20 11:09:16,88C626531E0C
2019091908645289 ,2019-09-20 11:09:23,88C626531E0D
2019091908645289 ,2019-09-20 11:09:31,88C626531E0E
2019091908645289 ,2019-09-20 11:09:39,88C626531E0F
2019091908645289 ,2019-09-20 11:09:47,88C626531E10
2019091908645289 ,2019-09-20 11:09:54,88C626531E11
2019091908645289 ,2019-09-20 11:09:02,88C626531E12
2019091908645289 ,2019-09-20 11:09:10,88C626531E13
2019091908645289 ,2019-09-20 11:09:18,88C626531E14
2019091908645289 ,2019-09-20 11:09:25,88C626531E15
2019091908645289 ,2019-09-20 11:09:33,88C626531E16
2019091908645289 ,2019-09-20 11:09:41,88C626531E17
2019091908645289 ,2019-09-20 11:09:49,88C626531E18
2019091908645289 ,2019-09-20 11:09:56,88C626531E19
2019091908645289 ,2019-09-20 11:09:04,88C626531E1A
2019091908645289 ,2019-09-20 11:09:12,88C626531E1B
