9/20/2019 10:15:41 AM,88C626531DCA
2019091908645289 
,9/20/2019 10:22:43 AM,88C626531DCB
01909190864528,9/20/2019 10:27:56 AM,88C626531DCD
201909190864528,9/20/2019 10:29:17 AM,88C626531DCF
2019091908645289,9/20/2019 10:29:57 AM,88C626531DD0
2019091908645289 ,9/20/2019 10:30:50 AM,88C626531DD1
2019091908645289 ,2019-09-20 10:09:SS,88C626531DD3
2019091908645289 ,2019-09-20 10:09:31,88C626531DD4
2019091908645289 ,2019-09-20 10:09:01,88C626531DD5
XXXXXXXXXX,2019-09-20 10:09:42,88C626531DD6
XXXXXXXXXX,2019-09-20 10:09:21,88C626531DD7
2019091908645289 ,2019-09-20 11:09:44,88C626531DFF
2019091908645289 ,2019-09-20 11:09:15,88C626531E04
2019091908645289 ,88C626531E1C,88C626531E1C
2019091908645289 ,9/27/2019 12:46:57 PM,88C626531E1D
